t_s,pre_ms,infer_ms,post_ms,loop_fps,detections
1.37,21.2,1339.0,5.9,0.7,4
1.47,13.0,43.5,6.0,10.1,3
1.56,11.8,41.5,6.1,10.5,3
1.64,10.9,31.3,5.9,12.0,3
1.73,10.1,32.2,5.9,12.0,3
1.81,10.7,32.1,5.9,11.8,3
1.90,10.9,32.0,6.0,11.8,3
1.98,10.7,30.0,6.3,12.1,4
2.10,20.7,34.3,5.9,8.2,2
2.23,20.1,35.8,6.0,7.5,4
2.34,11.2,29.7,6.1,9.7,4
2.42,10.8,28.7,6.1,12.3,3
2.50,11.5,29.6,5.9,12.0,3
2.58,10.8,29.0,6.3,12.2,4
2.67,10.7,28.0,5.8,12.4,2
2.75,10.5,28.0,5.9,12.5,3
2.83,10.8,28.0,5.8,12.4,1
2.91,10.7,27.9,5.9,12.5,3
2.99,10.8,28.0,5.9,12.3,2
3.07,10.2,27.9,6.2,12.5,4
3.15,11.9,28.0,6.2,12.1,3
3.23,10.2,27.9,6.1,12.6,3
3.31,10.2,27.8,6.3,12.6,4
3.39,10.8,28.0,5.9,12.4,3
3.47,10.8,27.9,5.9,12.5,3
3.55,10.7,28.3,5.8,12.5,2
3.63,10.2,28.0,6.1,12.5,3
3.71,10.7,28.3,5.9,12.4,2
3.79,10.7,28.0,6.0,12.5,4
3.87,10.2,28.0,5.8,12.5,2
3.95,10.7,28.7,5.9,12.4,3
4.03,10.9,28.2,6.0,12.4,3
4.11,10.6,28.2,6.5,12.4,3
4.19,10.3,28.1,6.4,12.4,2
4.27,10.3,28.2,6.0,12.6,3
4.35,11.4,28.0,6.1,12.3,3
4.43,10.7,28.1,5.9,12.4,3
4.52,10.9,28.3,6.1,12.3,3
4.60,10.7,28.2,6.1,12.3,4
4.68,11.1,28.4,6.4,12.2,2
4.76,10.8,28.1,5.9,12.4,3
4.84,11.1,28.7,6.5,12.1,2
4.92,11.0,28.2,6.1,12.4,3
5.00,10.8,28.2,6.2,12.3,4
5.09,10.7,28.0,6.3,12.2,4
5.17,11.0,28.2,6.2,12.2,4
5.25,10.7,28.1,6.1,12.4,4
5.33,10.9,27.9,6.1,12.4,4
5.41,10.1,28.3,6.5,12.4,4
5.49,10.3,28.2,6.0,12.4,4
5.57,10.7,28.2,6.0,12.4,3
5.65,12.2,27.9,6.2,12.1,4
5.73,10.8,27.9,6.0,12.4,3
5.81,10.3,27.9,6.1,12.6,3
5.89,10.8,27.9,5.9,12.5,3
5.97,10.6,28.1,6.1,12.4,3
6.05,10.9,27.9,6.4,12.4,5
6.13,10.3,28.0,6.0,12.4,4
6.22,11.2,28.2,5.9,12.4,3
6.30,10.8,27.9,5.9,12.5,3
6.38,10.7,28.1,6.6,12.3,4
6.46,10.2,27.8,5.9,12.5,3
6.54,10.0,28.0,7.0,12.4,4
6.62,10.7,27.8,5.9,12.4,3
6.70,10.2,27.8,5.9,12.6,2
6.78,11.3,28.0,6.8,12.3,2
6.86,10.3,27.9,6.0,12.6,4
6.94,10.7,28.4,5.9,12.4,2
7.02,10.2,27.8,6.0,12.5,4
7.10,10.3,27.8,5.9,12.5,3
7.18,10.9,27.9,6.0,12.4,4
7.26,10.9,27.9,6.2,12.4,4
7.34,10.2,27.8,6.1,12.5,4
7.42,10.2,27.9,6.2,12.5,4
7.50,10.7,28.1,6.2,12.4,5
7.58,10.8,27.9,5.9,12.4,2
7.66,10.7,28.1,6.0,12.4,3
7.74,10.9,28.0,5.8,12.5,2
7.82,10.9,27.9,6.0,12.5,4
7.90,10.2,28.2,6.2,12.5,4
7.98,10.9,28.0,5.9,12.4,3
8.06,10.9,27.9,6.3,12.4,5
8.14,10.2,27.9,5.9,12.5,2
8.22,10.6,28.0,6.2,12.5,4
8.30,10.1,27.8,6.2,12.4,3
8.39,10.7,28.0,6.2,12.3,4
8.47,10.7,28.1,5.9,12.4,2
8.55,10.7,27.9,5.9,12.5,2
8.67,19.4,31.9,6.1,7.8,3
8.80,19.9,28.0,6.1,8.0,2
8.88,10.2,28.0,6.1,12.5,3
8.96,10.7,28.0,5.9,12.4,2
9.04,10.7,27.9,6.0,12.4,2
9.12,10.8,28.1,6.4,12.3,4
9.20,10.8,27.9,6.1,12.4,3
9.28,10.8,28.0,6.1,12.3,4
9.37,10.6,28.0,6.3,12.4,3
9.45,10.7,27.9,6.0,12.5,3
9.53,10.1,27.9,6.0,12.5,3
9.61,10.7,29.0,6.0,12.3,2
9.69,10.9,28.2,5.9,12.4,2
9.77,10.8,28.2,6.1,12.5,3
9.85,10.8,28.0,6.0,12.4,2
9.93,10.9,28.1,6.0,12.5,3
10.01,10.8,28.2,5.9,12.5,2
10.09,10.9,28.1,5.9,12.5,2
10.17,10.3,27.8,5.9,12.7,3
10.25,10.2,28.1,5.9,12.5,2
10.33,10.8,28.0,6.1,12.5,4
10.41,11.0,28.3,6.2,12.3,2
10.49,10.1,28.2,5.9,12.5,2
10.57,10.2,28.0,6.3,12.5,3
10.65,10.9,28.2,5.9,12.4,2
10.73,10.1,28.1,6.2,12.6,4
10.81,10.8,28.0,6.2,12.4,3
10.89,10.8,28.4,5.8,12.4,2
10.97,10.6,28.2,6.3,12.5,4
11.05,10.9,28.1,7.7,12.1,3
11.13,10.8,27.8,5.9,12.5,3
11.21,10.2,28.4,6.1,12.4,3
11.29,10.7,28.5,6.2,12.4,2
11.37,10.2,28.1,5.9,12.6,2
11.45,10.8,28.3,6.1,12.5,4
11.53,10.3,28.1,5.9,12.5,2
11.61,10.2,28.1,6.1,12.6,3
11.69,10.7,28.4,6.2,12.4,4
11.77,10.7,27.9,5.9,12.5,2
11.85,10.7,28.3,6.0,12.5,3
11.94,11.7,28.4,6.0,12.2,3
12.02,10.9,28.2,5.9,12.4,3
12.10,10.8,28.0,6.1,12.5,4
12.18,10.5,28.0,6.1,12.4,4
12.26,9.9,28.3,6.2,12.5,3
12.34,10.8,28.1,6.1,12.5,4
12.42,10.7,28.3,5.8,12.4,2
12.50,11.0,28.6,5.9,12.4,3
12.58,10.8,28.0,5.9,12.5,3
12.66,10.9,28.9,6.4,12.0,3
12.74,10.2,28.3,6.0,12.5,3
12.82,10.1,28.3,6.2,12.5,4
12.90,10.2,28.3,6.2,12.4,4
12.98,10.4,28.0,5.8,12.5,2
13.06,10.9,28.2,5.9,12.5,2
13.14,10.2,28.2,6.0,12.6,2
13.22,10.8,28.4,6.1,12.5,2
13.30,10.9,28.2,6.0,12.4,3
13.38,10.2,28.3,5.9,12.5,2
13.46,10.4,28.0,5.9,12.6,2
13.54,10.9,28.2,5.8,12.5,2
13.62,10.0,28.1,6.0,12.6,2
13.70,11.0,28.0,5.9,12.5,3
13.78,10.8,28.0,5.9,12.5,2
13.86,11.1,28.0,5.9,12.5,2
13.94,10.2,27.9,5.9,12.6,2
14.02,10.5,27.9,6.0,12.5,2
14.10,10.2,27.8,6.2,12.7,4
14.18,10.8,28.0,5.9,12.4,2
14.26,10.8,28.0,5.9,12.6,3
14.34,10.9,27.9,5.9,12.5,2
14.42,10.2,28.0,5.9,12.7,2
14.50,10.9,27.8,5.9,12.5,3
14.58,10.9,28.4,5.9,12.4,3
14.66,10.8,28.6,5.9,12.4,2
14.74,10.6,29.3,6.1,12.2,4
14.82,10.7,28.4,6.2,12.3,4
14.91,10.7,29.5,6.1,12.1,4
14.99,10.8,28.9,6.1,12.2,2
15.08,10.9,35.8,5.9,11.3,2
15.21,21.2,36.9,5.9,7.4,2
15.33,16.4,29.3,5.9,8.1,3
15.42,10.1,29.3,6.0,12.3,2
15.50,10.8,28.6,6.0,12.3,3
15.58,10.0,29.8,6.1,12.1,3
15.66,11.1,28.7,6.1,12.2,3
15.74,10.1,29.8,5.9,12.2,2
15.82,10.2,28.8,6.1,12.5,4
15.90,10.1,29.4,5.9,12.2,3
15.99,10.1,28.6,6.4,12.4,4
16.07,10.6,29.4,6.2,12.1,4
16.15,10.7,29.4,6.1,12.1,3
16.23,10.8,28.1,6.4,12.1,5
16.31,10.7,28.3,6.0,12.3,4
16.40,10.9,28.0,6.2,12.4,4
16.48,10.3,28.2,6.1,12.4,4
16.56,10.8,28.0,6.3,12.4,4
16.64,10.8,27.9,6.3,12.3,5
16.72,10.7,27.8,7.1,12.3,5
16.80,10.2,27.9,6.1,12.5,4
16.88,10.3,27.8,6.2,12.5,4
16.96,10.9,27.8,6.1,12.3,4
17.04,10.7,28.0,6.3,12.4,5
17.12,11.4,28.0,6.3,12.3,5
17.20,10.7,27.8,6.3,12.3,5
17.29,11.2,28.0,6.6,12.3,5
17.37,10.8,27.9,6.0,12.4,4
17.45,10.6,28.1,6.2,12.4,4
17.53,10.3,27.9,6.3,12.5,5
17.61,10.8,28.0,6.3,12.2,5
17.69,10.7,27.9,6.1,12.4,3
17.77,10.8,28.3,6.5,12.3,5
17.85,10.8,28.0,6.4,12.3,5
17.93,10.8,27.8,6.3,12.3,5
18.01,10.8,27.8,6.1,12.4,4
18.09,10.1,27.9,6.2,12.5,4
18.17,10.8,28.1,6.2,12.4,4
18.26,10.6,28.3,6.8,12.1,5
18.34,10.8,27.9,6.3,12.3,5
18.42,10.9,28.0,6.2,12.4,4
18.50,10.2,27.8,6.1,12.5,5
18.58,10.7,28.3,8.5,12.0,4
18.66,10.8,28.2,6.2,12.3,4
18.74,10.7,28.2,6.8,12.3,4
18.83,10.8,28.3,6.2,12.4,4
18.91,11.6,28.5,6.3,12.1,4
18.99,10.8,28.1,6.2,12.4,5
19.07,10.9,28.2,6.3,12.3,5
19.15,11.0,28.1,6.2,12.3,4
19.23,10.9,28.1,6.2,12.3,4
19.31,10.8,28.3,6.3,12.4,4
19.39,10.2,28.5,6.1,12.4,4
19.48,10.6,28.4,6.2,12.4,4
19.56,10.2,28.1,6.2,12.5,4
19.64,10.7,28.5,6.3,12.1,4
19.72,10.7,28.1,6.2,12.3,4
19.80,10.3,28.1,6.2,12.5,4
19.88,10.8,27.8,6.2,12.4,4
19.96,10.9,28.0,6.2,12.4,4
20.04,10.5,28.2,6.2,12.4,5
20.12,10.7,28.2,6.3,12.3,5
20.20,10.8,28.3,6.5,12.3,5
20.29,10.7,28.1,6.2,12.2,4
20.37,10.9,28.1,6.3,12.4,5
20.45,10.3,29.3,6.6,12.2,4
20.53,10.8,28.5,6.3,11.9,4
20.61,10.2,28.0,6.6,12.4,5
20.69,10.3,27.9,6.3,12.4,5
20.78,10.8,27.7,7.3,12.2,5
20.86,10.2,27.8,6.4,12.4,5
20.94,10.0,28.0,6.2,12.4,4
21.02,10.8,28.0,6.2,12.4,4
21.10,10.9,27.9,6.1,12.4,4
21.18,10.9,28.3,6.2,12.4,5
21.26,10.8,28.0,6.1,12.3,4
21.34,10.1,28.1,6.2,12.4,4
21.42,10.7,28.0,6.2,12.3,3
21.50,10.8,28.0,6.4,12.4,5
21.59,12.6,28.0,6.3,11.9,4
21.69,12.8,28.1,6.0,9.6,3
21.82,21.0,27.8,6.1,7.6,4
21.90,10.7,28.1,6.2,12.3,3
21.98,10.7,27.8,6.1,12.4,3
22.07,10.6,27.9,6.3,12.4,4
22.15,10.6,28.0,6.1,12.4,4
22.23,10.7,27.9,5.9,12.4,2
22.31,10.6,28.0,6.1,12.5,3
22.39,10.2,27.9,5.9,12.5,2
22.47,10.9,27.9,6.2,12.5,3
22.55,11.7,27.9,6.1,12.3,4
22.63,10.7,28.0,6.4,12.3,4
22.71,10.9,27.9,6.0,12.4,3
22.79,10.9,27.9,6.1,12.5,4
22.87,10.3,27.9,6.2,12.5,4
22.95,10.9,27.8,6.1,12.4,4
23.03,10.8,28.0,6.2,12.3,4
23.11,10.7,27.8,5.9,12.5,2
23.19,10.8,27.9,6.6,12.4,3
23.27,11.4,28.0,6.0,12.4,3
23.35,10.8,28.0,6.1,12.4,4
23.43,10.0,28.1,6.0,12.5,4
23.52,11.0,27.8,6.0,12.4,4
23.60,10.7,27.9,6.1,12.4,4
23.68,10.8,27.9,6.0,12.3,4
23.76,10.2,28.0,6.0,12.5,3
23.84,11.2,28.1,6.1,12.4,3
23.92,10.9,27.9,6.1,12.4,4
24.00,10.8,27.8,6.1,12.4,4
24.08,10.9,27.8,6.1,12.4,4
24.16,10.9,27.9,8.0,12.1,4
24.24,10.9,27.8,6.2,12.3,4
24.32,10.8,27.8,6.2,12.4,4
24.40,10.7,28.0,6.1,12.4,4
24.49,10.9,27.9,6.1,12.4,4
24.57,10.8,28.2,6.1,12.4,4
24.65,11.0,28.0,5.9,12.4,3
24.73,10.2,28.4,6.7,12.4,3
24.81,10.3,28.1,6.6,12.4,4
24.89,10.8,28.5,6.2,12.3,3
24.97,10.7,27.9,5.9,12.5,3
25.05,10.8,28.3,6.0,12.3,3
25.13,10.8,28.2,6.5,12.4,4
25.21,10.3,28.0,5.9,12.5,3
25.29,10.5,28.3,6.1,12.5,4
25.37,11.3,28.0,6.3,12.3,5
25.45,10.8,28.1,6.1,12.3,4
25.53,10.9,28.3,6.1,12.4,3
25.62,11.0,27.9,6.5,12.1,5
25.70,10.8,28.2,6.4,12.2,3
25.78,10.9,27.8,6.1,12.4,4
25.86,10.4,27.8,6.0,12.5,3
25.94,10.8,27.9,6.0,12.4,4
26.02,10.3,27.8,5.8,12.5,3
26.10,10.8,27.9,6.2,12.5,4
26.18,10.8,27.8,6.1,12.4,4
26.26,10.7,28.1,6.1,12.4,4
26.34,10.1,27.9,6.2,12.4,4
26.42,10.8,27.9,6.2,12.4,4
26.50,10.2,27.8,6.2,12.5,4
26.58,10.3,28.0,6.0,12.5,3
26.66,10.7,27.9,6.2,12.4,4
26.74,10.8,28.0,6.1,12.4,4
26.82,10.7,28.0,6.2,12.4,4
26.90,10.3,27.9,6.0,12.5,3
26.98,10.3,27.9,6.0,12.5,3
27.07,11.1,27.9,6.1,12.3,4
27.15,10.2,28.1,5.9,12.5,2
27.23,10.8,27.9,6.1,12.5,4
27.31,10.8,27.8,6.0,12.4,4
27.39,10.9,27.9,6.1,12.4,4
27.47,10.3,27.8,5.8,12.5,2
27.55,10.8,28.4,7.1,12.3,4
27.63,11.1,28.0,6.2,12.3,4
27.71,10.9,29.8,6.1,11.9,4
27.80,10.8,28.7,6.1,12.1,3
27.88,10.9,30.2,6.1,12.0,3
27.96,10.6,28.9,6.3,12.2,4
28.05,11.4,35.8,6.6,11.0,4
28.21,18.6,50.4,6.2,6.5,4
28.32,12.2,29.8,6.1,9.1,4
28.40,10.2,28.5,6.3,12.2,4
28.48,10.5,29.8,6.1,11.9,4
28.56,10.6,29.0,6.2,12.0,4
28.65,10.7,30.0,6.2,12.0,4
28.73,10.8,28.7,6.0,12.3,3
28.81,10.3,29.9,6.1,12.2,4
28.89,10.8,28.9,7.7,12.0,5
28.98,10.2,29.8,6.3,12.1,4
29.06,10.6,28.5,6.2,12.2,4
29.14,10.7,28.3,6.1,12.2,4
29.22,10.3,28.0,6.3,12.5,4
29.30,10.3,28.4,6.0,12.4,3
29.38,10.9,28.8,7.2,12.2,4
29.47,10.9,28.1,6.0,12.4,3
29.55,10.6,29.1,6.3,12.2,4
29.63,10.1,28.6,6.2,12.3,3
29.71,10.1,28.9,6.1,12.3,4
29.79,10.9,28.0,6.2,12.3,4
29.87,10.3,28.2,6.1,12.4,4
29.95,10.8,28.2,6.1,12.4,3
30.03,10.8,28.5,6.0,12.4,3
30.11,10.2,28.1,6.1,12.5,3
30.19,10.8,27.9,6.0,12.5,3
30.27,10.3,28.0,6.0,12.5,3
30.35,10.1,28.4,6.3,12.5,4
30.44,10.9,28.2,6.0,12.3,4
30.52,10.7,28.3,6.4,12.2,3
30.60,10.8,28.4,5.9,12.4,2
30.68,10.9,28.2,6.0,12.5,3
30.76,11.4,28.4,5.9,12.3,3
30.84,10.8,29.0,6.3,12.3,4
30.92,10.4,28.1,5.9,12.5,2
31.00,10.8,29.1,6.1,12.3,3
31.08,10.7,28.6,6.0,12.4,3
31.17,10.9,27.8,7.8,12.1,3
31.25,10.7,28.5,6.9,12.1,3
31.33,10.9,27.9,6.0,12.4,3
31.41,10.9,28.3,8.3,12.0,4
31.49,10.9,27.9,6.0,12.4,3
31.57,10.9,28.8,6.3,12.2,3
31.65,10.9,28.3,6.1,12.4,3
31.73,10.7,28.2,5.9,12.4,3
31.82,11.1,28.5,6.0,12.3,3
31.90,10.1,28.5,6.0,12.2,3
31.98,10.7,28.1,6.3,12.4,4
32.06,10.8,28.2,6.0,12.4,4
32.14,10.8,28.2,5.8,12.4,2
32.22,10.7,27.8,5.9,12.6,3
32.30,10.9,28.3,6.1,12.3,4
32.38,10.7,28.2,6.1,12.4,3
32.46,10.8,28.4,5.9,12.4,3
32.54,10.1,28.3,6.1,12.4,3
32.62,10.2,28.4,5.8,12.5,2
32.70,10.9,28.4,5.8,12.4,2
32.78,10.9,28.2,5.8,12.5,3
32.86,10.9,28.3,6.0,12.4,3
32.94,10.8,28.1,6.2,12.4,4
33.03,10.8,28.3,6.0,12.3,4
33.11,10.8,28.2,6.0,12.4,3
33.19,10.2,28.2,6.1,12.4,4
33.27,10.3,28.2,6.0,12.4,4
33.35,10.9,27.9,6.2,12.4,4
33.43,10.8,28.1,6.2,12.3,4
33.51,10.7,28.4,6.1,12.4,3
33.59,10.2,27.8,6.0,12.6,3
33.67,10.2,27.8,6.1,12.5,4
33.75,10.5,27.9,6.1,12.4,4
33.83,10.8,27.8,6.0,12.2,4
33.91,10.9,28.3,6.1,12.2,3
33.99,10.7,27.9,6.0,12.4,4
34.08,11.1,28.0,6.4,12.3,3
34.16,10.7,27.9,6.2,12.4,4
34.24,11.2,28.1,6.9,12.1,4
34.32,10.6,28.0,6.1,12.3,4
34.40,10.6,28.0,6.3,12.3,4
34.48,10.8,28.0,6.1,12.4,4
34.57,13.2,27.9,6.1,11.8,4
34.70,25.3,28.0,6.1,7.6,3
34.81,10.6,28.1,6.2,8.8,4
34.89,10.6,27.9,6.1,12.4,4
34.97,10.6,28.0,6.0,12.4,3
35.06,10.7,27.9,6.0,12.4,3
35.14,10.8,28.0,6.2,12.4,4
35.22,11.4,28.0,6.1,12.3,4
35.30,10.7,27.9,6.0,12.3,3
35.38,10.7,27.9,6.1,12.4,3
35.46,10.1,28.0,6.0,12.5,4
35.54,10.2,28.1,6.2,12.4,3
35.62,10.8,27.9,6.0,12.4,3
35.70,10.8,28.2,5.9,12.5,3
35.78,11.0,28.0,6.2,12.4,4
35.86,10.2,28.3,6.2,12.4,4
35.94,11.0,27.8,5.9,12.3,3
36.02,10.9,27.9,6.1,12.3,4
36.10,10.2,27.9,6.2,12.5,4
36.18,10.8,27.9,6.2,12.4,4
36.27,10.8,27.9,6.0,12.4,4
36.35,10.2,28.0,6.1,12.5,3
36.42,10.2,27.8,6.0,12.5,3
36.50,10.0,28.2,6.5,12.5,4
36.59,10.6,27.9,5.9,12.4,3
36.67,11.1,27.8,6.8,12.2,4
36.75,10.6,27.9,6.1,12.4,4
36.83,10.2,28.0,6.4,12.4,4
36.91,10.8,28.5,6.0,12.3,3
36.99,10.9,27.9,6.0,12.4,4
37.07,10.8,28.2,6.1,12.4,4
37.15,10.1,27.8,6.2,12.4,4
37.23,11.0,28.0,6.7,12.2,4
37.32,10.8,27.9,6.1,12.2,4
37.40,10.7,27.9,7.2,12.2,4
37.48,10.3,28.0,6.1,12.5,3
37.56,10.1,27.9,6.2,12.5,4
37.64,12.2,28.1,6.6,12.1,3
37.72,10.3,27.9,7.0,12.4,4
37.80,11.2,28.0,6.1,12.3,3
37.88,10.7,27.9,6.0,12.3,3
37.97,11.3,28.1,6.9,12.0,4
38.05,10.7,27.9,5.7,12.4,1
38.13,10.8,28.0,6.4,12.5,3
38.21,10.3,27.9,6.0,12.5,4
38.29,10.9,27.9,6.0,12.4,3
38.37,10.3,27.8,6.8,12.4,3
38.45,10.8,27.8,6.0,12.5,3
38.53,10.9,28.5,6.5,12.3,3
38.61,10.2,28.0,5.9,12.5,2
38.69,10.9,28.0,5.9,12.5,3
38.77,12.8,28.2,5.8,12.2,3
38.85,10.6,28.2,5.9,12.4,2
38.93,11.2,28.2,6.3,12.4,3
39.01,10.7,28.4,5.9,12.4,2
39.09,11.1,28.3,5.9,12.4,2
39.17,10.2,28.0,5.9,12.6,2
39.25,10.8,28.2,6.0,12.5,4
39.34,11.3,28.2,6.2,11.8,2
39.42,10.2,28.3,5.9,12.6,3
39.50,10.2,28.0,6.6,12.5,3
39.58,10.7,28.2,6.0,12.4,3
39.66,10.7,28.7,5.9,12.4,3
39.74,10.3,27.9,6.0,12.6,3
39.82,10.8,28.3,6.0,12.4,3
39.90,10.9,28.0,5.9,12.5,3
39.98,10.8,28.2,6.0,12.4,3
40.06,10.0,28.4,6.0,12.5,3
40.14,10.9,28.3,5.9,12.5,2
40.22,10.8,28.2,5.8,12.5,2
40.30,10.8,28.2,6.0,12.5,3
40.38,10.8,28.2,5.9,12.5,2
40.46,10.7,28.2,6.4,12.5,2
40.54,10.8,27.8,5.9,12.6,2
40.62,10.8,28.2,5.8,12.5,2
40.70,10.8,28.9,6.2,12.4,4
40.79,10.5,30.4,5.9,11.5,3
40.88,11.3,32.6,6.1,11.1,3
40.96,11.4,32.0,6.1,11.6,3
41.05,13.8,35.5,6.0,10.9,3
41.21,37.7,35.9,6.2,6.6,3
41.32,10.6,29.7,6.1,8.6,3
41.40,10.0,29.1,6.1,12.4,4
41.48,10.1,29.4,6.0,12.2,3
41.57,10.1,27.9,6.0,12.4,3
41.65,10.2,28.0,6.3,12.4,4
41.73,10.1,28.3,6.4,12.4,5
41.81,10.2,27.9,6.0,12.4,3
41.89,10.2,28.0,6.1,12.5,3
41.97,11.8,28.0,6.1,12.2,3
42.05,10.1,28.0,6.0,12.5,2
42.13,10.4,27.8,6.1,12.6,3
42.21,10.7,27.9,5.9,12.4,3
42.29,10.1,27.9,6.5,12.5,4
42.37,10.2,27.8,6.1,12.5,4
42.45,10.2,27.9,6.4,12.5,4
42.53,10.3,28.1,6.8,12.4,3
42.61,10.8,27.9,5.9,12.5,2
42.69,10.8,27.9,6.2,12.5,4
42.77,10.7,27.8,6.1,12.4,3
42.85,10.8,28.0,6.0,12.5,3
42.93,10.8,27.8,5.9,12.4,2
43.01,10.8,28.1,5.8,12.5,2
43.09,10.7,28.0,5.9,12.6,2
43.17,10.8,27.8,5.9,12.6,2
43.25,10.8,27.8,5.9,12.5,3
43.33,10.2,27.8,5.9,12.6,3
43.41,10.7,27.8,5.9,12.5,2
43.49,10.7,28.2,6.8,12.4,3
43.57,10.9,28.0,6.1,12.5,4
43.65,10.6,28.3,5.9,12.3,2
43.73,10.8,28.2,6.0,12.5,3
43.81,10.8,28.1,5.9,12.4,3
43.89,10.8,28.1,6.0,12.5,3
43.97,10.8,28.0,5.9,12.4,3
44.05,10.8,28.5,6.4,12.3,2
44.13,10.2,28.0,6.0,12.6,3
44.21,10.8,28.2,6.3,12.4,4
44.29,10.7,28.0,6.1,12.3,4
44.37,10.9,28.1,6.1,12.4,3
44.45,10.2,28.1,6.1,12.5,4
44.53,10.1,28.4,6.1,12.4,4
44.62,10.7,28.5,6.1,12.4,3
44.69,10.3,27.8,6.0,12.6,4
44.78,10.8,28.2,6.0,12.4,4
44.86,10.7,28.3,5.9,12.4,3
44.94,10.9,27.9,6.1,12.3,4
45.02,10.8,28.3,6.1,12.4,3
45.10,10.7,28.2,6.2,12.4,4
45.18,10.8,28.5,7.2,12.2,4
45.26,10.7,28.0,6.1,12.4,4
45.34,10.8,28.3,6.0,12.4,4
45.42,10.8,28.0,5.9,12.5,3
45.50,10.2,27.9,6.2,12.5,4
45.58,10.8,28.1,6.2,12.4,4
45.66,10.9,28.0,5.8,12.3,3
45.74,10.7,28.1,6.3,12.4,4
45.83,10.8,28.0,6.3,12.4,4
45.91,10.8,28.1,5.9,12.4,3
45.99,10.7,27.9,6.0,12.5,2
46.07,10.2,28.3,6.0,12.6,3
46.15,10.6,28.5,6.1,12.4,3
46.23,10.8,28.1,5.9,12.5,3
46.31,10.2,28.3,5.8,12.5,3
46.39,10.7,28.2,6.0,12.5,4
46.47,10.7,28.1,6.0,12.3,4
46.55,10.6,27.8,6.7,12.3,4
46.63,10.7,28.0,5.9,12.4,2
46.71,10.9,28.1,6.8,12.3,4
46.79,10.8,27.9,6.2,12.4,4
46.87,10.8,27.8,6.1,12.4,4
46.95,10.3,27.9,6.2,12.5,4
47.03,10.1,27.8,6.0,12.4,3
47.11,10.8,27.8,6.2,12.5,4
47.19,10.8,29.0,6.1,12.3,4
47.28,11.2,28.0,6.1,12.2,4
47.36,11.7,28.0,5.9,12.2,3
47.44,10.9,27.9,5.9,12.4,3
47.52,10.6,28.1,6.0,12.3,3
47.66,24.1,38.0,6.1,7.3,4
47.78,23.1,28.2,6.2,8.4,4
47.86,10.0,27.9,6.2,12.5,3
47.94,10.1,27.9,5.9,12.5,2
48.02,10.2,28.0,6.0,12.4,3
48.10,10.6,28.0,6.1,12.4,3
48.18,10.8,28.0,6.0,12.4,2
48.26,11.0,27.9,5.9,12.5,2
48.34,10.8,27.8,5.9,12.5,2
48.42,10.7,28.0,6.0,12.5,4
48.50,10.9,30.3,5.9,11.9,3
48.58,11.1,28.0,5.9,12.4,3
48.66,11.0,27.9,5.9,12.5,3
48.75,10.7,28.1,6.8,12.4,3
48.83,10.8,28.1,5.9,12.5,3
48.91,10.2,28.4,6.1,12.4,3
48.99,10.2,28.0,5.9,12.6,3
49.07,10.2,28.4,7.1,12.4,2
49.15,12.0,28.2,6.0,12.2,2
49.23,10.8,27.9,6.1,12.5,3
49.31,10.9,28.2,6.2,12.4,4
49.39,10.8,28.1,6.2,12.4,5
49.47,10.6,28.4,6.2,12.4,4
49.55,10.2,27.8,6.2,12.6,5
49.63,10.3,28.0,6.1,12.4,4
49.71,10.8,28.1,6.2,12.4,4
49.79,10.7,27.8,6.2,12.4,5
49.87,10.8,28.0,6.4,12.2,5
49.95,10.9,27.9,5.8,12.4,3
50.03,10.8,28.0,6.0,12.5,3
50.11,10.9,27.9,6.1,12.5,4
50.19,10.2,28.0,6.4,12.5,4
50.28,10.8,28.5,6.2,12.3,4
50.36,10.2,27.8,6.3,12.5,5
50.44,10.7,27.8,6.4,12.4,5
50.52,10.8,28.2,6.0,12.2,3
50.60,10.8,28.2,6.3,12.4,4
50.68,10.9,28.1,6.0,12.4,3
50.76,10.8,28.4,6.3,12.4,5
50.84,10.4,28.2,6.3,12.4,5
50.92,10.8,28.1,6.1,12.3,5
51.00,10.7,28.2,6.5,12.3,4
51.09,10.9,28.4,6.2,12.3,4
51.17,10.7,28.4,6.2,12.3,4
51.25,10.9,28.3,6.0,12.4,4
51.33,10.8,28.2,6.0,12.4,4
51.41,11.0,28.0,6.2,12.4,5
51.49,10.8,28.3,6.1,12.3,4
51.57,10.9,28.2,6.1,12.4,4
51.65,10.8,28.1,6.0,12.4,3
51.73,10.8,28.4,6.0,12.4,2
51.81,10.7,28.5,6.0,12.3,3
51.89,10.8,28.6,6.0,12.4,4
51.97,10.4,28.0,5.9,12.5,3
52.06,10.8,28.6,6.0,12.4,3
52.13,10.2,28.2,5.8,12.6,2
52.21,10.1,28.4,5.9,12.6,3
52.30,10.7,28.6,6.5,12.3,3
52.38,10.8,28.1,5.9,12.4,3
52.46,10.7,28.4,5.9,12.4,3
52.54,10.8,27.9,6.1,12.4,4
52.62,10.7,27.9,5.9,12.5,3
52.70,12.8,27.8,5.9,12.2,3
52.78,10.2,30.5,6.9,12.0,3
52.87,11.0,28.6,6.2,12.0,3
52.95,10.7,28.1,5.9,12.3,2
53.03,11.2,27.9,6.0,12.1,3
53.11,10.8,27.9,5.9,12.5,3
53.19,10.9,27.9,7.3,12.2,4
53.27,10.9,28.0,6.0,12.4,4
53.35,10.2,28.0,5.9,12.5,3
53.43,10.1,28.0,6.2,12.6,5
53.51,10.8,28.0,5.9,12.4,3
53.59,10.3,28.4,6.3,12.5,4
53.67,10.8,27.9,5.9,12.5,3
53.75,10.6,29.6,6.3,12.2,4
53.84,10.7,28.5,5.9,12.3,3
53.92,10.3,29.8,5.9,12.1,3
54.00,10.3,29.1,6.2,12.3,4
54.09,10.6,35.0,5.9,11.4,3
54.23,9.9,47.7,6.3,7.2,4
54.34,10.6,29.2,6.1,8.8,4
54.42,10.7,29.7,6.2,12.1,4
54.50,10.6,28.8,6.3,12.2,4
54.59,10.2,30.1,6.2,12.1,4
54.67,10.3,28.9,6.3,12.1,4
54.75,10.0,30.1,6.2,12.1,5
54.83,10.6,29.4,6.1,12.1,3
54.92,10.2,30.0,6.2,12.2,4
55.00,10.2,28.6,6.1,12.4,3
55.08,10.9,30.1,5.9,12.1,3
55.16,10.8,29.5,6.2,12.2,3
55.24,10.3,28.2,5.9,12.5,3
55.32,10.1,28.7,5.9,12.4,3
55.40,10.5,28.2,6.2,12.5,4
55.48,10.8,28.2,5.9,12.4,3
55.56,10.9,28.4,6.2,12.4,4
55.64,10.9,28.1,6.2,12.3,4
55.73,10.1,28.1,6.8,12.4,4
55.81,10.2,28.2,6.1,12.5,4
55.89,10.8,28.2,5.9,12.4,2
55.97,10.8,27.9,6.1,12.5,4
56.05,10.2,28.2,6.1,12.4,5
56.13,10.8,28.2,6.2,12.3,4
56.21,10.2,28.1,6.0,12.5,4
56.29,10.6,28.2,6.1,12.4,3
56.37,10.8,27.9,6.1,12.4,3
56.45,10.2,28.3,6.1,12.5,4
56.53,10.2,29.1,6.8,12.2,5
56.61,10.8,28.1,6.2,12.3,4
56.69,10.1,28.1,7.4,12.2,5
56.77,10.7,28.3,5.9,12.3,3
56.85,10.0,28.5,6.2,12.5,4
56.93,10.1,28.0,6.2,12.5,4
57.02,10.8,28.6,6.1,12.3,4
57.10,10.7,28.1,6.0,12.5,4
57.18,10.8,28.9,6.0,12.2,3
57.26,10.7,28.1,6.2,12.5,3
57.34,10.9,28.0,6.0,12.4,3
57.42,10.5,28.5,6.9,12.3,4
57.50,10.7,27.8,6.0,12.5,3
57.58,10.2,28.5,6.0,12.5,3
57.66,11.2,28.3,6.1,12.4,4
57.74,10.2,28.3,6.3,12.4,4
57.82,10.0,29.0,6.7,12.3,3
57.90,10.2,27.9,6.3,12.6,4
57.98,10.1,28.3,7.3,12.3,3
58.06,10.9,27.8,6.0,12.4,3
58.14,10.8,28.1,6.0,12.5,3
58.22,10.6,28.2,6.1,12.5,3
58.30,10.2,28.1,6.1,12.5,3
58.39,10.8,28.1,7.7,12.2,4
58.47,10.8,28.3,6.1,12.4,3
58.55,10.7,28.5,7.3,12.3,3
58.63,10.7,27.8,6.0,12.5,4
58.71,10.2,28.0,6.0,12.5,3
58.79,10.8,28.0,6.6,12.3,3
58.87,10.8,28.5,5.9,12.4,3
58.95,10.7,28.4,6.2,12.4,3
59.03,10.8,28.2,6.1,12.4,4
59.11,10.6,28.4,6.5,12.3,3
59.19,10.9,28.2,6.1,12.4,4
59.27,10.7,28.3,6.1,12.3,4
59.35,11.0,28.0,6.6,12.3,3
59.44,10.3,28.0,6.2,12.4,4
59.52,10.6,27.9,6.1,12.5,3
59.60,10.8,28.0,6.0,12.5,3
59.68,10.8,27.8,6.0,12.5,3
59.76,11.4,27.9,6.0,12.4,3
59.83,10.2,27.8,6.0,12.6,3
59.91,10.7,27.8,6.0,12.5,3
59.99,10.8,27.9,6.0,12.5,3
60.07,11.0,27.9,6.0,12.5,3
60.16,11.9,28.0,6.1,12.2,3
60.24,10.7,27.9,6.1,12.5,4
60.32,10.6,28.2,6.5,12.3,4
60.40,10.9,28.0,6.0,12.4,4
60.48,10.8,28.0,6.1,12.3,3
60.57,10.9,38.8,6.0,10.9,4
60.70,22.7,27.8,6.1,7.6,4
60.82,13.4,28.0,6.3,8.4,4
60.90,10.1,27.9,6.0,12.4,3
60.98,10.1,28.0,6.2,12.5,3
61.06,10.5,27.9,6.3,12.4,4
61.15,10.6,27.9,6.5,12.3,4
61.23,9.9,28.0,6.2,12.5,4
61.31,10.9,27.9,6.2,12.3,4
61.39,10.0,28.0,6.0,12.5,3
61.47,10.8,27.9,7.0,11.8,4
61.56,12.9,28.3,6.1,11.9,3
61.64,10.2,27.9,6.6,12.1,3
61.72,14.1,27.9,7.6,11.6,4
61.81,10.7,27.9,6.3,12.2,3
61.89,10.8,27.9,6.1,12.5,3
61.97,10.2,28.2,6.0,12.5,3
62.05,10.1,28.2,6.1,12.6,3
62.12,10.1,27.8,6.2,12.6,4
62.21,10.7,28.2,6.1,12.4,3
62.29,11.3,27.9,6.0,12.4,3
62.37,10.2,27.9,6.1,12.5,4
62.45,10.9,28.2,6.3,12.4,4
62.53,10.9,28.2,6.0,12.4,4
62.61,10.5,28.2,6.3,12.4,3
62.69,10.8,28.3,6.1,12.4,3
62.77,10.9,28.2,6.8,12.3,4
62.85,10.3,28.0,7.4,12.3,3
62.93,10.8,28.1,6.0,12.4,3
63.01,10.5,28.9,6.2,12.3,3
63.09,10.7,30.1,6.1,12.2,4
63.18,10.6,28.6,6.3,12.1,3
63.26,10.0,29.0,6.1,12.4,3
63.34,12.2,28.0,6.4,12.2,5
63.42,10.8,28.3,6.0,12.3,3
63.50,10.8,27.9,6.0,12.5,3
63.58,10.7,28.4,6.4,12.4,4
63.66,10.7,27.8,6.6,12.4,3
63.74,10.9,27.8,5.9,12.4,3
63.82,10.8,28.0,6.9,12.3,3
63.91,11.0,28.0,6.9,12.4,3
63.99,10.7,27.9,6.1,12.5,3
64.07,10.8,27.8,6.0,12.5,4
64.15,10.9,28.0,6.1,12.4,4
64.23,10.8,28.1,6.0,12.4,3
64.31,10.7,28.2,6.1,12.5,4
64.39,10.8,27.8,6.1,12.4,3
64.47,10.8,28.9,6.0,12.3,3
64.55,10.8,28.0,6.1,12.5,4
64.63,10.8,28.5,6.1,12.4,4
64.71,11.1,27.9,6.1,12.4,4
64.79,10.8,27.9,6.1,12.4,4
64.87,10.7,28.3,6.0,12.4,4
64.95,10.7,28.2,6.0,12.4,3
65.03,10.9,28.5,6.4,12.3,4
65.11,10.9,28.2,6.0,12.3,3
65.19,10.8,28.2,6.0,12.5,3
65.27,11.2,27.9,6.0,12.5,3
65.35,10.2,28.0,6.0,12.6,3
65.44,10.6,28.5,6.8,12.4,3
65.52,10.9,28.1,6.0,12.5,3
65.60,10.9,28.2,6.1,12.4,4
65.68,10.8,28.1,6.9,12.3,4
65.76,10.7,28.1,6.7,12.3,4
65.84,10.5,27.9,6.1,12.2,3
65.92,10.8,27.9,7.1,12.3,3
66.00,10.6,28.2,6.3,12.5,4
66.08,10.7,27.9,6.1,12.5,3
66.16,10.8,28.5,6.0,12.4,4
66.24,10.7,27.9,6.0,12.5,3
66.32,10.8,28.4,6.7,12.3,3
66.41,10.6,28.9,6.2,12.3,4
66.49,10.8,27.9,6.0,12.4,4
66.57,10.1,27.9,6.1,12.6,3
66.65,10.8,28.0,6.0,12.5,3
66.73,10.8,27.9,6.0,12.5,3
66.80,10.1,27.9,6.1,12.6,3
66.88,10.8,27.9,6.1,12.5,3
66.96,10.7,28.0,6.1,12.5,3
67.05,10.5,28.0,6.1,12.4,3
67.12,10.1,27.9,6.0,12.6,3
67.21,10.5,28.0,6.0,12.4,3
67.29,10.5,28.0,6.0,12.5,3
67.41,23.0,27.9,5.9,7.8,3
67.54,22.5,27.9,6.0,7.8,3
67.62,10.1,28.0,6.1,12.5,3
67.70,10.6,27.9,6.1,12.5,3
67.78,10.0,27.9,6.0,12.5,3
67.86,10.0,28.3,6.1,12.5,3
67.94,10.6,28.0,6.0,12.4,3
68.02,10.1,27.9,6.0,12.4,3
68.10,10.4,27.9,6.3,12.5,4
68.18,10.7,27.9,6.1,12.4,4
68.26,10.7,27.9,6.2,12.4,3
68.34,10.1,28.0,6.1,12.5,3
68.42,10.1,28.3,6.3,12.4,3
68.51,10.8,28.3,6.2,12.4,4
68.59,10.7,28.3,6.0,12.4,3
68.67,11.0,28.3,6.4,12.3,4
68.75,10.7,28.2,6.0,12.4,3
68.83,10.9,28.2,6.2,12.4,3
68.91,10.7,28.1,6.1,12.4,3
68.99,10.5,28.5,6.0,12.5,3
69.07,10.4,28.1,6.0,12.5,3
69.15,10.2,28.3,6.1,12.5,3
69.23,10.6,28.5,6.4,12.4,3
69.31,10.7,28.4,6.0,12.4,3
69.39,10.5,28.3,6.6,12.2,3
69.47,10.7,28.4,6.0,12.4,3
69.55,10.5,28.4,6.2,12.4,3
69.64,10.7,28.0,6.1,12.4,3
69.72,10.2,28.4,6.0,12.5,3
69.80,10.8,28.3,6.0,12.5,3
69.88,10.7,28.1,6.0,12.4,3
69.96,10.2,28.1,6.0,12.6,3
70.04,10.7,27.9,5.9,12.5,3
70.12,10.7,28.3,6.0,12.3,3
70.20,11.0,27.9,6.2,12.4,4
70.28,10.8,28.3,5.9,12.3,3
70.36,10.9,28.0,6.0,12.4,3
70.44,10.9,28.1,6.0,12.5,3
70.52,10.9,28.4,6.2,12.4,4
70.60,10.9,27.9,6.1,12.4,3
70.68,10.8,28.3,6.2,12.4,4
70.76,10.7,28.3,5.9,12.3,3
70.84,10.2,28.4,6.5,12.4,3
70.92,10.0,28.7,6.4,12.4,3
71.00,10.2,28.0,6.2,12.6,4
71.08,10.8,28.4,6.0,12.4,3
71.16,11.8,28.2,6.1,12.3,3
71.25,10.8,28.3,6.1,12.4,3
71.32,10.2,28.0,6.2,12.6,3
71.40,10.8,28.2,6.1,12.5,3
71.49,10.7,27.9,6.2,12.4,3
71.57,11.0,27.9,6.1,12.5,3
71.65,10.8,27.9,7.3,12.3,3
71.73,10.2,27.8,6.1,12.6,3
71.81,10.6,27.9,6.0,12.4,3
71.89,11.0,28.1,6.7,12.3,3
71.97,10.2,27.9,6.0,12.6,3
72.05,10.4,27.8,6.0,12.6,4
72.13,11.0,27.9,6.3,12.3,4
72.21,10.7,27.8,6.0,12.3,3
72.29,11.1,28.5,6.0,12.3,3
72.37,10.2,27.9,6.0,12.6,3
72.45,10.7,28.5,6.1,12.4,3
72.53,10.2,28.1,6.0,12.6,3
72.61,10.8,28.2,6.0,12.5,3
72.69,11.2,28.1,6.1,12.4,3
72.77,10.9,28.3,6.0,12.4,3
72.85,10.1,28.3,7.0,12.4,4
72.93,10.6,28.3,6.2,12.2,3
73.02,11.1,28.3,7.3,12.1,3
73.10,10.0,28.2,6.2,12.5,4
73.18,10.7,28.5,6.0,12.3,4
73.26,11.2,27.9,6.2,12.4,4
73.34,10.2,30.3,6.1,12.2,4
73.42,10.0,29.1,6.6,12.3,4
73.51,10.7,29.6,6.4,12.1,4
73.59,10.7,29.6,6.4,12.0,4
73.67,10.8,28.2,6.2,12.2,4
73.75,10.6,28.7,6.4,12.3,4
73.83,10.1,30.0,6.0,12.2,3
73.92,10.7,29.6,6.2,12.1,3
74.00,12.4,30.0,6.1,11.9,3
74.14,24.5,36.2,6.1,7.0,3
74.28,24.0,33.2,6.0,7.4,3
74.36,10.7,29.3,6.1,12.2,3
74.44,10.7,29.9,6.1,12.0,3
74.52,10.0,28.9,6.2,12.4,3
74.61,10.6,29.8,6.2,12.2,3
74.69,11.7,29.0,6.1,12.1,3
74.77,10.1,30.3,6.0,12.2,3
74.85,10.6,28.9,6.3,12.3,4
74.94,10.6,30.0,6.0,12.1,3
75.02,10.6,28.6,6.2,12.2,4
75.10,10.0,29.8,6.0,12.1,3
75.18,11.1,28.2,6.1,12.2,3
75.26,10.8,28.4,6.0,12.4,3
75.34,10.7,28.5,7.5,12.2,3
75.42,10.8,28.4,6.0,12.4,3
75.50,10.3,28.7,6.1,12.4,3
75.58,10.8,28.2,6.1,12.5,3
75.67,10.8,28.7,6.0,12.3,3
75.75,10.5,28.3,6.1,12.5,3
75.83,10.2,28.3,6.0,12.5,3
75.91,10.8,28.5,6.0,12.3,3
75.99,10.9,28.0,6.0,12.5,3
76.07,10.7,28.4,6.0,12.4,3
76.15,10.9,28.2,6.1,12.5,4
76.23,10.8,28.5,6.1,12.3,4
76.31,10.1,28.3,6.4,12.5,4
76.39,10.8,28.3,6.2,12.4,4
76.47,10.8,27.9,6.1,12.4,4
76.55,10.9,27.9,5.9,12.4,3
76.63,10.2,27.8,6.0,12.6,3
76.71,10.8,27.9,6.1,12.5,3
76.79,10.8,27.9,6.0,12.5,4
76.87,10.9,27.8,6.0,12.5,3
76.95,10.0,27.8,6.1,12.6,3
77.03,10.1,28.0,6.0,12.5,3
77.11,10.6,28.1,6.2,12.5,4
77.19,10.8,27.9,6.0,12.4,3
77.27,10.1,28.1,6.0,12.5,4
77.35,11.1,27.7,5.9,12.4,3
77.43,10.9,29.0,5.8,12.3,2
77.51,10.9,28.1,5.9,12.5,2
77.59,10.8,28.3,5.9,12.5,2
77.67,10.7,28.2,5.9,12.5,2
77.75,10.8,28.4,5.9,12.5,2
77.83,10.8,28.3,5.9,12.5,2
77.91,11.0,27.9,5.9,12.5,3
77.99,10.8,28.2,5.9,12.3,3
78.07,10.2,28.7,6.1,12.4,4
78.16,10.8,28.3,6.0,12.3,4
78.24,10.3,28.6,5.9,12.4,2
78.32,10.8,28.1,6.0,12.5,3
78.40,10.8,28.6,5.9,12.4,3
78.48,10.7,28.1,6.1,12.5,3
78.56,10.7,28.5,6.1,12.3,4
78.64,10.1,28.1,6.0,12.4,3
78.72,10.2,28.6,5.9,12.5,3
78.80,10.8,28.3,5.9,12.4,2
78.88,11.2,28.0,5.9,12.4,2
78.96,10.7,28.3,5.9,12.5,3
79.04,10.7,28.2,6.2,12.4,4
79.12,10.9,28.3,6.1,12.3,4
79.20,10.2,28.5,6.1,12.4,3
79.28,10.2,28.2,5.9,12.5,2
79.36,10.2,28.4,5.9,12.5,2
79.44,10.7,28.0,5.9,12.6,3
79.52,10.2,28.5,5.9,12.4,3
79.60,10.9,28.0,6.0,12.5,3
79.68,10.2,28.5,5.9,12.5,3
79.76,10.7,28.7,6.5,12.2,4
79.85,10.8,28.4,6.1,12.3,3
79.93,10.7,28.4,6.4,12.3,3
80.01,11.3,28.3,6.8,12.2,3
80.09,10.1,28.2,6.4,12.4,3
80.17,11.1,27.9,6.3,12.3,4
80.25,10.1,29.7,6.1,12.2,3
80.34,10.8,28.8,6.1,12.3,3
80.42,10.2,30.1,6.4,12.1,4
80.50,10.6,29.4,6.4,12.1,3
80.62,20.3,35.9,6.1,8.2,4
80.76,22.3,36.2,6.0,7.3,3
80.86,10.7,29.9,6.0,10.0,3
80.94,10.7,28.9,6.2,12.2,3
81.02,10.6,30.0,5.9,12.1,3
81.11,10.6,29.2,6.2,12.2,3
81.19,10.0,29.9,5.9,12.2,3
81.27,10.7,28.9,6.3,12.2,4
81.35,10.1,30.1,6.1,12.2,4
81.43,10.8,29.6,6.5,12.1,5
81.52,10.2,30.0,6.3,12.0,5
81.60,10.7,29.2,6.2,12.1,4
81.68,10.6,30.0,6.4,12.0,6
81.76,10.5,28.3,6.2,12.4,5
81.85,10.9,28.3,6.2,12.3,5
81.93,10.7,28.4,6.2,12.3,5
82.01,10.9,28.3,6.2,12.3,5
82.09,10.8,28.4,6.0,12.3,3
82.17,10.9,28.0,6.2,12.4,3
82.25,10.7,28.3,6.1,12.4,3
82.33,11.1,28.6,6.7,12.1,4
82.41,10.1,28.4,6.3,12.4,4
82.49,10.7,28.2,6.4,12.4,4
82.57,10.8,28.1,6.2,12.4,5
82.65,10.3,28.6,6.0,12.4,4
82.73,10.8,28.0,6.2,12.5,5
82.82,10.3,28.6,6.1,12.3,4
82.90,10.8,28.2,6.1,12.3,4
82.98,10.7,28.4,6.2,12.4,5
83.06,10.1,28.3,6.3,12.4,4
83.14,10.9,28.3,6.2,12.4,4
83.22,10.9,28.7,6.1,12.3,3
83.30,10.2,27.9,6.0,12.5,3
83.38,10.2,28.1,6.0,12.6,4
83.46,10.2,27.9,6.0,12.6,3
83.54,10.3,27.8,5.9,12.6,3
83.62,10.8,27.9,6.1,12.4,4
83.70,11.3,27.8,5.9,12.4,2
83.78,10.8,28.1,6.0,12.5,3
83.86,10.2,28.2,6.1,12.5,3
83.94,10.7,28.0,6.0,12.5,3
84.02,10.9,27.8,5.9,12.6,3
84.10,11.1,27.9,5.9,12.5,3
84.18,10.8,27.8,5.9,12.5,3
84.26,10.2,27.8,6.0,12.7,3
84.34,10.8,27.8,5.9,12.4,3
84.42,10.7,28.6,6.1,12.4,4
84.50,10.8,28.2,6.7,12.4,3
84.58,10.8,28.4,5.8,12.5,3
84.66,11.1,28.1,6.1,12.4,3
84.74,10.9,28.4,6.0,12.5,4
84.82,10.8,28.8,6.0,12.4,4
84.90,10.9,28.1,6.1,12.4,4
84.98,10.8,28.4,5.9,12.5,3
85.06,10.2,28.1,6.1,12.6,4
85.14,10.8,28.4,6.1,12.3,4
85.22,10.2,28.2,7.1,12.4,4
85.30,10.8,28.4,6.0,12.4,4
85.38,10.9,28.5,5.9,12.4,3
85.46,10.3,28.3,5.9,12.6,3
85.54,10.8,28.3,6.0,12.4,4
85.62,10.7,27.9,5.9,12.5,3
85.70,10.2,28.9,6.0,12.5,4
85.78,10.7,28.4,6.6,12.2,3
85.87,10.6,28.4,5.9,12.3,3
85.95,10.8,28.6,6.0,12.4,4
86.03,11.0,28.0,6.0,12.5,4
86.11,10.8,28.6,5.9,12.4,3
86.19,10.6,28.3,6.1,12.5,4
86.27,10.8,28.5,5.9,12.4,3
86.35,10.7,29.0,6.7,12.2,3
86.43,10.7,28.3,5.9,12.5,3
86.51,10.8,28.8,6.1,12.4,5
86.59,10.8,27.8,6.1,12.4,4
86.67,10.2,28.4,6.2,12.4,5
86.76,10.6,30.0,6.1,12.1,4
86.84,10.8,29.9,6.3,12.1,5
86.92,10.7,28.8,6.2,12.2,4
87.00,10.9,29.8,6.1,12.1,4
87.13,18.9,47.2,6.4,7.6,5
87.27,23.9,36.2,5.9,7.2,3
87.36,10.7,28.6,6.1,11.4,4
87.44,10.7,28.0,6.3,12.3,5
87.52,10.9,28.0,6.3,12.3,5
87.60,10.8,27.9,5.9,12.4,3
87.68,10.3,28.1,6.4,12.5,4
87.76,10.1,27.9,6.0,12.5,4
87.84,10.8,27.8,5.9,12.5,3
87.92,11.8,28.0,6.0,12.4,3
88.00,10.1,27.9,5.9,12.6,3
88.08,10.3,27.9,6.0,12.6,3
88.16,10.8,27.8,6.1,12.4,4
88.25,10.8,28.1,8.4,12.1,5
88.33,10.8,27.8,6.2,12.4,5
88.41,10.9,28.3,5.9,12.4,3
88.49,10.2,27.9,5.9,12.7,3
88.57,10.9,28.4,5.9,12.4,3
88.65,10.7,28.4,5.9,12.5,2
88.73,10.9,28.5,5.9,12.4,3
88.81,10.8,28.4,6.0,12.5,3
88.89,10.9,28.3,6.1,12.3,4
88.97,10.2,28.4,5.9,12.5,3
89.05,10.1,28.6,6.0,12.6,3
89.13,10.2,28.4,5.9,12.6,2
89.21,10.9,28.3,6.0,12.5,3
89.29,10.3,28.4,5.9,12.5,3
89.37,10.9,28.4,5.9,12.4,3
89.45,10.3,28.1,6.1,12.6,4
89.53,10.8,28.4,6.1,12.3,4
89.61,10.8,28.4,6.2,12.3,4
89.69,10.2,28.3,5.9,12.6,3
89.77,10.2,28.4,5.9,12.6,3
89.85,10.7,27.9,6.1,12.5,3
89.93,10.7,28.4,6.0,12.5,3
90.01,10.8,28.5,6.2,12.5,4
